Team,League,Matches Played,Wins,Draws,Losses,Goals Scored,Goals Conceded,Clean Sheets,Failed to Score,Yellow Cards,Red Cards,Avg Possession,Avg Shots,Avg Passes,Avg Tackles,Avg Interceptions,Data Quality %,Missing Statistics,Missing Lineups,Missing Players
Kashiwa Reysol,J1 League,38,9,14,15,39,51,7,12,0,0,0.0%,0.0,0.0,0.0,0.0,100.0%,0,0,0
Kyoto Sanga,J1 League,38,12,11,15,43,55,11,14,0,0,0.0%,0.0,0.0,0.0,0.0,100.0%,0,0,0
Tokyo Verdy,J1 League,38,14,14,10,51,51,12,11,0,0,0.0%,0.0,0.0,0.0,0.0,100.0%,0,0,0
Yokohama F. Marinos,J1 League,38,15,7,16,61,62,7,8,0,0,0.0%,0.0,0.0,0.0,0.0,100.0%,0,0,0
Machida Zelvia,J1 League,38,19,9,10,54,34,18,9,0,0,0.0%,0.0,0.0,0.0,0.0,100.0%,0,0,0
Gamba Osaka,J1 League,38,18,12,8,49,35,13,11,0,0,0.0%,0.0,0.0,0.0,0.0,100.0%,0,0,0
Shonan Bellmare,J1 League,38,12,9,17,53,58,6,8,0,0,0.0%,0.0,0.0,0.0,0.0,100.0%,0,0,0
Kawasaki Frontale,J1 League,38,13,13,12,66,57,6,8,0,0,0.0%,0.0,0.0,0.0,0.0,100.0%,0,0,0
Jubilo Iwata,J1 League,38,10,8,20,47,68,6,15,0,0,0.0%,0.0,0.0,0.0,0.0,100.0%,0,0,0
Vissel Kobe,J1 League,38,21,9,8,61,36,13,9,0,0,0.0%,0.0,0.0,0.0,0.0,100.0%,0,0,0
Nagoya Grampus,J1 League,38,15,5,18,44,47,11,13,0,0,0.0%,0.0,0.0,0.0,0.0,100.0%,0,0,0
Kashima,J1 League,38,18,11,9,60,41,15,9,0,0,0.0%,0.0,0.0,0.0,0.0,100.0%,0,0,0
Cerezo Osaka,J1 League,38,13,13,12,43,48,11,7,0,0,0.0%,0.0,0.0,0.0,0.0,100.0%,0,0,0
FC Tokyo,J1 League,38,15,9,14,53,51,10,9,0,0,0.0%,0.0,0.0,0.0,0.0,100.0%,0,0,0
Sanfrecce Hiroshima,J1 League,38,19,11,8,72,43,12,3,0,0,0.0%,0.0,0.0,0.0,0.0,100.0%,0,0,0
Urawa,J1 League,38,12,12,14,49,45,12,11,0,0,0.0%,0.0,0.0,0.0,0.0,100.0%,0,0,0
Avispa Fukuoka,J1 League,38,12,14,12,33,38,15,15,0,0,0.0%,0.0,0.0,0.0,0.0,100.0%,0,0,0
Consadole Sapporo,J1 League,38,9,10,19,43,66,9,12,0,0,0.0%,0.0,0.0,0.0,0.0,100.0%,0,0,0
Sagan Tosu,J1 League,38,10,5,23,48,68,8,15,0,0,0.0%,0.0,0.0,0.0,0.0,100.0%,0,0,0
Albirex Niigata,J1 League,38,10,12,16,44,59,8,11,0,0,0.0%,0.0,0.0,0.0,0.0,100.0%,0,0,0
Mito Hollyhock,J2 League,38,11,11,16,39,51,10,13,0,0,0.0%,0.0,0.0,0.0,0.0,0.0%,38,0,38
Iwaki,J2 League,38,15,9,14,53,41,14,10,0,0,0.0%,0.0,0.0,0.0,0.0,0.0%,38,0,38
Thespakusatsu Gunma,J2 League,38,3,9,26,24,62,7,18,0,0,0.0%,0.0,0.0,0.0,0.0,0.0%,38,0,38
Kagoshima United,J2 League,38,7,9,22,35,59,6,19,0,0,0.0%,0.0,0.0,0.0,0.0,0.0%,38,0,38
JEF United Chiba,J2 League,38,19,4,15,67,48,11,10,0,0,0.0%,0.0,0.0,0.0,0.0,0.0%,38,0,38
Montedio Yamagata,J2 League,39,20,6,13,55,39,14,12,0,0,0.0%,0.0,0.0,0.0,0.0,0.0%,39,0,39
Yokohama FC,J2 League,38,22,10,6,60,27,19,9,0,0,0.0%,0.0,0.0,0.0,0.0,0.0%,38,0,38
Renofa Yamaguchi,J2 League,38,15,8,15,43,44,13,11,0,0,0.0%,0.0,0.0,0.0,0.0,0.0%,38,0,38
Fujieda MYFC,J2 League,38,14,4,20,38,57,6,17,0,0,0.0%,0.0,0.0,0.0,0.0,0.0%,38,0,38
V-varen Nagasaki,J2 League,39,21,12,6,75,43,13,5,0,0,0.0%,0.0,0.0,0.0,0.0,0.0%,39,0,39
Fagiano Okayama,J2 League,40,19,14,7,53,29,22,9,0,0,0.0%,0.0,0.0,0.0,0.0,0.0%,40,0,40
Tochigi SC,J2 League,38,7,13,18,33,57,10,16,0,0,0.0%,0.0,0.0,0.0,0.0,0.0%,38,0,38
Tokushima Vortis,J2 League,38,16,7,15,42,44,11,11,0,0,0.0%,0.0,0.0,0.0,0.0,0.0%,38,0,38
Ventforet Kofu,J2 League,38,12,9,17,54,57,6,7,0,0,0.0%,0.0,0.0,0.0,0.0,0.0%,38,0,38
Ehime FC,J2 League,38,10,10,18,41,69,10,11,0,0,0.0%,0.0,0.0,0.0,0.0,0.0%,38,0,38
Blaublitz Akita,J2 League,38,15,9,14,36,35,15,16,0,0,0.0%,0.0,0.0,0.0,0.0,0.0%,38,0,38
Roasso Kumamoto,J2 League,38,13,7,18,53,62,6,13,0,0,0.0%,0.0,0.0,0.0,0.0,0.0%,38,0,38
Shimizu S-pulse,J2 League,38,26,4,8,68,38,16,4,0,0,0.0%,0.0,0.0,0.0,0.0,0.0%,38,0,38
Oita Trinita,J2 League,38,10,13,15,33,47,14,16,0,0,0.0%,0.0,0.0,0.0,0.0,0.0%,38,0,38
Vegalta Sendai,J2 League,40,19,10,11,54,47,13,9,0,0,0.0%,0.0,0.0,0.0,0.0,0.0%,40,0,40
Atlético Ottawa,Canadian Premier League,30,11,12,7,44,34,9,5,0,0,0.0%,0.0,0.0,0.0,0.0,100.0%,0,0,0
York United,Canadian Premier League,30,12,7,11,39,38,7,7,0,0,0.0%,0.0,0.0,0.0,0.0,100.0%,0,0,0
Forge,Canadian Premier League,31,16,5,10,47,34,11,8,0,0,0.0%,0.0,0.0,0.0,0.0,100.0%,0,0,0
Cavalry FC,Canadian Premier League,30,14,12,4,42,28,9,4,0,0,0.0%,0.0,0.0,0.0,0.0,100.0%,0,0,0
Pacific FC,Canadian Premier League,29,9,7,13,27,34,10,12,0,0,0.0%,0.0,0.0,0.0,0.0,100.0%,0,0,0
HFX Wanderers FC,Canadian Premier League,28,7,9,12,37,43,4,6,0,0,0.0%,0.0,0.0,0.0,0.0,100.0%,0,0,0
Vancouver FC,Canadian Premier League,28,7,9,12,29,43,5,11,0,0,0.0%,0.0,0.0,0.0,0.0,100.0%,0,0,0
Valour,Canadian Premier League,28,7,7,14,31,42,4,6,0,0,0.0%,0.0,0.0,0.0,0.0,100.0%,0,0,0
Bolívar,Primera División,41,26,9,6,98,40,16,5,0,0,0.0%,0.0,0.0,0.0,0.0,0.0%,41,41,41
Gualberto Villarroel SJ,Primera División,40,17,8,15,75,58,11,9,0,0,0.0%,0.0,0.0,0.0,0.0,0.0%,40,40,40
Always Ready,Primera División,38,14,10,14,54,47,11,9,0,0,0.0%,0.0,0.0,0.0,0.0,0.0%,38,38,38
Universitario de Vinto,Primera División,44,16,10,18,52,60,8,9,0,0,0.0%,0.0,0.0,0.0,0.0,0.0%,44,44,44
Nacional Potosí,Primera División,40,17,9,14,66,62,9,4,0,0,0.0%,0.0,0.0,0.0,0.0,0.0%,40,40,40
Blooming,Primera División,38,17,8,13,48,55,12,10,0,0,0.0%,0.0,0.0,0.0,0.0,0.0%,38,38,38
Aurora,Primera División,40,17,14,9,66,50,10,7,0,0,0.0%,0.0,0.0,0.0,0.0,0.0%,40,40,40
Royal Pari,Primera División,40,10,10,20,41,59,11,17,0,0,0.0%,0.0,0.0,0.0,0.0,0.0%,40,40,40
San Antonio Bulo Bulo,Primera División,45,15,11,19,67,74,8,14,0,0,0.0%,0.0,0.0,0.0,0.0,0.0%,45,45,45
The Strongest,Primera División,42,26,7,9,85,52,15,6,0,0,0.0%,0.0,0.0,0.0,0.0,0.0%,42,42,42
Jorge Wilstermann,Primera División,38,12,13,13,47,44,14,11,0,0,0.0%,0.0,0.0,0.0,0.0,0.0%,38,38,38
Oriente Petrolero,Primera División,38,13,6,19,53,71,7,11,0,0,0.0%,0.0,0.0,0.0,0.0,0.0%,38,38,38
Guabirá,Primera División,38,11,7,20,48,64,6,11,0,0,0.0%,0.0,0.0,0.0,0.0,0.0%,38,38,38
Independiente Petrolero,Primera División,42,14,11,17,65,79,6,10,0,0,0.0%,0.0,0.0,0.0,0.0,0.0%,42,42,42
Santa Cruz,Primera División,38,7,5,26,38,85,3,13,0,0,0.0%,0.0,0.0,0.0,0.0,0.0%,38,38,38
Real Tomayapo,Primera División,38,16,6,16,51,53,9,10,0,0,0.0%,0.0,0.0,0.0,0.0,0.0%,38,38,38
Dinamo Batumi,Erovnuli Liga,36,15,10,11,42,41,11,11,0,0,0.0%,0.0,0.0,0.0,0.0,0.0%,36,0,36
Kolkheti Poti,Erovnuli Liga,36,9,14,13,48,58,7,10,0,0,0.0%,0.0,0.0,0.0,0.0,0.0%,36,0,36
Saburtalo,Erovnuli Liga,36,23,6,7,74,46,11,3,0,0,0.0%,0.0,0.0,0.0,0.0,0.0%,36,0,36
Telavi,Erovnuli Liga,38,9,11,18,35,45,9,17,0,0,0.0%,0.0,0.0,0.0,0.0,0.0%,38,0,38
Torpedo Kutaisi,Erovnuli Liga,36,21,7,8,58,40,14,5,0,0,0.0%,0.0,0.0,0.0,0.0,0.0%,36,0,36
Samtredia,Erovnuli Liga,36,5,12,19,33,61,7,13,0,0,0.0%,0.0,0.0,0.0,0.0,0.0%,36,0,36
Dila,Erovnuli Liga,36,19,11,6,58,30,15,5,0,0,0.0%,0.0,0.0,0.0,0.0,0.0%,36,0,36
Gagra,Erovnuli Liga,38,11,7,20,39,56,10,14,0,0,0.0%,0.0,0.0,0.0,0.0,0.0%,38,0,38
Dinamo Tbilisi,Erovnuli Liga,36,9,12,15,33,44,11,15,0,0,0.0%,0.0,0.0,0.0,0.0,0.0%,36,0,36
Samgurali,Erovnuli Liga,36,11,11,14,51,49,8,10,0,0,0.0%,0.0,0.0,0.0,0.0,0.0%,36,0,36
Flora Tallinn,Meistriliiga,36,21,7,8,69,43,12,6,0,0,0.0%,0.0,0.0,0.0,0.0,0.0%,36,0,36
Nõmme United,Meistriliiga,36,2,9,25,22,79,1,18,0,0,0.0%,0.0,0.0,0.0,0.0,0.0%,36,0,36
Kuressaare,Meistriliiga,36,8,10,18,46,67,8,13,0,0,0.0%,0.0,0.0,0.0,0.0,0.0%,36,0,36
Kalju Nomme,Meistriliiga,36,21,9,6,79,44,15,5,0,0,0.0%,0.0,0.0,0.0,0.0,0.0%,36,0,36
FC Levadia Tallinn,Meistriliiga,36,27,6,3,82,19,22,5,0,0,0.0%,0.0,0.0,0.0,0.0,0.0%,36,0,36
Trans Narva,Meistriliiga,36,10,12,14,48,63,8,13,0,0,0.0%,0.0,0.0,0.0,0.0,0.0%,36,0,36
Tallinna Kalev,Meistriliiga,38,9,8,21,39,75,7,12,0,0,0.0%,0.0,0.0,0.0,0.0,0.0%,38,0,38
Tammeka,Meistriliiga,36,11,9,16,47,54,9,9,0,0,0.0%,0.0,0.0,0.0,0.0,0.0%,36,0,36
Vaprus,Meistriliiga,36,9,8,19,35,57,8,12,0,0,0.0%,0.0,0.0,0.0,0.0,0.0%,36,0,36
Paide,Meistriliiga,36,23,3,10,74,39,11,7,0,0,0.0%,0.0,0.0,0.0,0.0,0.0%,36,0,36
IFK Norrkoping,Allsvenskan,30,9,7,14,36,57,6,5,0,0,0.0%,0.0,0.0,0.0,0.0,100.0%,0,0,0
Malmo FF,Allsvenskan,30,19,8,3,67,25,14,3,0,0,0.0%,0.0,0.0,0.0,0.0,100.0%,0,0,0
Hammarby FF,Allsvenskan,30,16,6,8,48,25,14,8,0,0,0.0%,0.0,0.0,0.0,0.0,100.0%,0,0,0
Kalmar FF,Allsvenskan,30,8,6,16,38,58,2,7,0,0,0.0%,0.0,0.0,0.0,0.0,100.0%,0,0,0
Gais,Allsvenskan,30,14,6,10,36,34,9,12,0,0,0.0%,0.0,0.0,0.0,0.0,100.0%,0,0,0
IF Brommapojkarna,Allsvenskan,30,8,10,12,46,53,5,6,0,0,0.0%,0.0,0.0,0.0,0.0,100.0%,0,0,0
BK Hacken,Allsvenskan,30,12,6,12,54,51,5,7,0,0,0.0%,0.0,0.0,0.0,0.0,100.0%,0,0,0
Mjallby AIF,Allsvenskan,30,14,8,8,44,35,6,5,0,0,0.0%,0.0,0.0,0.0,0.0,100.0%,0,0,0
IFK Goteborg,Allsvenskan,30,7,10,13,33,43,8,7,0,0,0.0%,0.0,0.0,0.0,0.0,100.0%,0,0,0
Djurgardens IF,Allsvenskan,30,16,5,9,45,35,8,8,0,0,0.0%,0.0,0.0,0.0,0.0,100.0%,0,0,0
Sirius,Allsvenskan,30,12,5,13,47,46,4,10,0,0,0.0%,0.0,0.0,0.0,0.0,100.0%,0,0,0
Halmstad,Allsvenskan,30,10,3,17,32,50,8,10,0,0,0.0%,0.0,0.0,0.0,0.0,100.0%,0,0,0
AIK Stockholm,Allsvenskan,30,17,3,10,46,41,10,6,0,0,0.0%,0.0,0.0,0.0,0.0,100.0%,0,0,0
Vasteras SK FK,Allsvenskan,30,6,5,19,26,43,4,11,0,0,0.0%,0.0,0.0,0.0,0.0,100.0%,0,0,0
IF Elfsborg,Allsvenskan,30,13,6,11,52,44,8,5,0,0,0.0%,0.0,0.0,0.0,0.0,100.0%,0,0,0
IFK Varnamo,Allsvenskan,32,8,11,13,33,42,10,10,0,0,0.0%,0.0,0.0,0.0,0.0,100.0%,0,0,0
ODD Ballklubb,Eliteserien,30,5,8,17,26,54,5,12,0,0,0.0%,0.0,0.0,0.0,0.0,100.0%,0,0,0
Haugesund,Eliteserien,32,10,7,15,31,46,10,12,0,0,0.0%,0.0,0.0,0.0,0.0,100.0%,0,0,0
Fredrikstad,Eliteserien,30,14,9,7,39,35,13,8,0,0,0.0%,0.0,0.0,0.0,0.0,100.0%,0,0,0
Bodo/Glimt,Eliteserien,30,18,8,4,71,31,12,2,0,0,0.0%,0.0,0.0,0.0,0.0,100.0%,0,0,0
Molde,Eliteserien,30,15,7,8,64,36,10,4,0,0,0.0%,0.0,0.0,0.0,0.0,100.0%,0,0,0
Stromsgodset,Eliteserien,30,10,8,12,32,40,9,11,0,0,0.0%,0.0,0.0,0.0,0.0,100.0%,0,0,0
Tromso,Eliteserien,30,9,6,15,34,44,11,13,0,0,0.0%,0.0,0.0,0.0,0.0,100.0%,0,0,0
Brann,Eliteserien,30,17,8,5,55,33,11,3,0,0,0.0%,0.0,0.0,0.0,0.0,100.0%,0,0,0
Lillestrom,Eliteserien,30,7,3,20,33,63,3,11,0,0,0.0%,0.0,0.0,0.0,0.0,100.0%,0,0,0
Kristiansund BK,Eliteserien,30,8,10,12,32,45,5,12,0,0,0.0%,0.0,0.0,0.0,0.0,100.0%,0,0,0
Rosenborg,Eliteserien,30,16,5,9,52,39,9,3,0,0,0.0%,0.0,0.0,0.0,0.0,100.0%,0,0,0
Sandefjord,Eliteserien,30,9,7,14,41,46,4,7,0,0,0.0%,0.0,0.0,0.0,0.0,100.0%,0,0,0
Viking,Eliteserien,30,16,9,5,61,39,8,2,0,0,0.0%,0.0,0.0,0.0,0.0,100.0%,0,0,0
Sarpsborg 08 FF,Eliteserien,30,10,7,13,43,55,3,6,0,0,0.0%,0.0,0.0,0.0,0.0,100.0%,0,0,0
KFUM Oslo,Eliteserien,30,9,10,11,35,36,9,8,0,0,0.0%,0.0,0.0,0.0,0.0,100.0%,0,0,0
Ham-Kam,Eliteserien,30,8,9,13,34,39,6,13,0,0,0.0%,0.0,0.0,0.0,0.0,100.0%,0,0,0
Gnistan,Veikkausliiga,29,11,8,10,44,46,6,6,0,0,0.0%,0.0,0.0,0.0,0.0,0.0%,29,21,29
Inter Turku,Veikkausliiga,28,12,5,11,47,36,7,7,0,0,0.0%,0.0,0.0,0.0,0.0,0.0%,28,20,28
Ilves,Veikkausliiga,27,16,6,5,56,27,14,3,0,0,0.0%,0.0,0.0,0.0,0.0,0.0%,27,19,27
Lahti,Veikkausliiga,29,5,12,12,32,49,7,13,0,0,0.0%,0.0,0.0,0.0,0.0,0.0%,29,22,29
SJK,Veikkausliiga,29,12,8,9,50,47,5,6,0,0,0.0%,0.0,0.0,0.0,0.0,0.0%,29,21,29
AC Oulu,Veikkausliiga,27,7,7,13,32,40,6,5,0,0,0.0%,0.0,0.0,0.0,0.0,0.0%,27,20,27
Mariehamn,Veikkausliiga,27,7,5,15,27,44,4,11,0,0,0.0%,0.0,0.0,0.0,0.0,0.0%,27,20,27
EIF,Veikkausliiga,27,4,7,16,24,57,3,9,0,0,0.0%,0.0,0.0,0.0,0.0,0.0%,27,20,27
Haka,Veikkausliiga,31,12,7,12,48,51,8,5,0,0,0.0%,0.0,0.0,0.0,0.0,0.0%,31,24,31
VPS,Veikkausliiga,28,11,6,11,43,46,3,5,0,0,0.0%,0.0,0.0,0.0,0.0,0.0%,28,20,28
KuPS,Veikkausliiga,27,17,5,5,46,24,8,4,0,0,0.0%,0.0,0.0,0.0,0.0,0.0%,27,19,27
HJK helsinki,Veikkausliiga,27,13,6,8,44,27,9,6,0,0,0.0%,0.0,0.0,0.0,0.0,0.0%,27,18,27
Qingdao Youth Island,Super League,30,8,8,14,41,58,4,8,0,0,0.0%,0.0,0.0,0.0,0.0,100.0%,0,0,0
Henan Jianye,Super League,30,9,9,12,34,39,9,8,0,0,0.0%,0.0,0.0,0.0,0.0,100.0%,0,0,0
SHANGHAI SIPG,Super League,30,25,3,2,96,30,13,1,0,0,0.0%,0.0,0.0,0.0,0.0,100.0%,0,0,0
Wuhan Three Towns,Super League,30,8,7,15,31,44,5,10,0,0,0.0%,0.0,0.0,0.0,0.0,100.0%,0,0,0
Tianjin Teda,Super League,30,12,6,12,44,47,8,6,0,0,0.0%,0.0,0.0,0.0,0.0,100.0%,0,0,0
Nantong Zhiyun,Super League,30,5,7,18,32,66,3,8,0,0,0.0%,0.0,0.0,0.0,0.0,100.0%,0,0,0
Shijiazhuang Y. J.,Super League,30,7,8,15,33,57,4,11,0,0,0.0%,0.0,0.0,0.0,0.0,100.0%,0,0,0
Beijing Guoan,Super League,30,16,8,6,65,35,9,3,0,0,0.0%,0.0,0.0,0.0,0.0,100.0%,0,0,0
Chengdu Better City,Super League,30,18,5,7,65,31,9,5,0,0,0.0%,0.0,0.0,0.0,0.0,100.0%,0,0,0
Qingdao Jonoon,Super League,30,8,5,17,28,55,5,15,0,0,0.0%,0.0,0.0,0.0,0.0,100.0%,0,0,0
Shandong Luneng,Super League,30,13,9,8,49,40,9,10,0,0,0.0%,0.0,0.0,0.0,0.0,100.0%,0,0,0
Changchun Yatai,Super League,30,8,8,14,46,58,8,7,0,0,0.0%,0.0,0.0,0.0,0.0,100.0%,0,0,0
Hangzhou Greentown,Super League,30,11,5,14,55,60,6,6,0,0,0.0%,0.0,0.0,0.0,0.0,100.0%,0,0,0
Sichuan Jiuniu,Super League,30,7,8,15,29,55,6,11,0,0,0.0%,0.0,0.0,0.0,0.0,100.0%,0,0,0
Meizhou Kejia,Super League,30,6,9,15,29,55,8,11,0,0,0.0%,0.0,0.0,0.0,0.0,100.0%,0,0,0
Shanghai Shenhua,Super League,30,24,5,1,73,20,15,1,0,0,0.0%,0.0,0.0,0.0,0.0,100.0%,0,0,0
Internacional,Serie A,14,5,4,5,12,12,5,3,0,0,0.0%,0.0,0.0,0.0,0.0,100.0%,0,0,0
Bahia,Serie A,19,9,4,6,28,23,4,2,0,0,0.0%,0.0,0.0,0.0,0.0,100.0%,0,0,0
Cruzeiro,Serie A,18,10,2,6,25,20,7,5,0,0,0.0%,0.0,0.0,0.0,0.0,100.0%,0,0,0
Botafogo,Serie A,19,12,4,3,31,16,8,0,0,0,0.0%,0.0,0.0,0.0,0.0,100.0%,0,0,0
Vitoria,Serie A,20,5,3,12,22,32,3,6,0,0,0.0%,0.0,0.0,0.0,0.0,100.0%,0,0,0
Palmeiras,Serie A,20,11,3,6,27,16,9,8,0,0,0.0%,0.0,0.0,0.0,0.0,100.0%,0,0,0
Fluminense,Serie A,18,3,5,10,14,24,2,7,0,0,0.0%,0.0,0.0,0.0,0.0,100.0%,0,0,0
RB Bragantino,Serie A,17,7,4,6,22,20,3,2,0,0,0.0%,0.0,0.0,0.0,0.0,100.0%,0,0,0
Vasco DA Gama,Serie A,18,7,2,9,20,28,4,6,0,0,0.0%,0.0,0.0,0.0,0.0,100.0%,0,0,0
Gremio,Serie A,17,4,3,10,14,22,4,7,0,0,0.0%,0.0,0.0,0.0,0.0,100.0%,0,0,0
Corinthians,Serie A,19,4,7,8,17,25,4,10,0,0,0.0%,0.0,0.0,0.0,0.0,100.0%,0,0,0
Atletico-MG,Serie A,17,6,7,4,25,25,4,3,0,0,0.0%,0.0,0.0,0.0,0.0,100.0%,0,0,0
Sao Paulo,Serie A,19,9,5,5,28,20,7,4,0,0,0.0%,0.0,0.0,0.0,0.0,100.0%,0,0,0
Fortaleza EC,Serie A,18,9,6,3,23,18,5,4,0,0,0.0%,0.0,0.0,0.0,0.0,100.0%,0,0,0
Atletico Paranaense,Serie A,17,7,4,6,20,17,5,4,0,0,0.0%,0.0,0.0,0.0,0.0,100.0%,0,0,0
Cuiaba,Serie A,17,4,5,8,18,22,4,8,0,0,0.0%,0.0,0.0,0.0,0.0,100.0%,0,0,0
Atletico Goianiense,Serie A,19,2,6,11,16,29,2,6,0,0,0.0%,0.0,0.0,0.0,0.0,100.0%,0,0,0
Flamengo,Serie A,18,11,4,3,32,19,3,2,0,0,0.0%,0.0,0.0,0.0,0.0,100.0%,0,0,0
Criciuma,Serie A,18,5,6,7,26,28,2,0,0,0,0.0%,0.0,0.0,0.0,0.0,100.0%,0,0,0
Juventude,Serie A,18,5,6,7,20,24,5,3,0,0,0.0%,0.0,0.0,0.0,0.0,100.0%,0,0,0
NK Osijek,HNL,18,7,5,6,28,23,5,3,0,0,0.0%,0.0,0.0,0.0,0.0,100.0%,0,0,0
Sibenik,HNL,18,4,4,10,15,33,5,8,0,0,0.0%,0.0,0.0,0.0,0.0,94.4%,1,0,1
Dinamo Zagreb,HNL,18,8,5,5,35,24,5,3,0,0,0.0%,0.0,0.0,0.0,0.0,100.0%,0,0,0
Istra 1961,HNL,18,4,7,7,18,29,3,8,0,0,0.0%,0.0,0.0,0.0,0.0,100.0%,0,0,0
HNK Gorica,HNL,18,4,3,11,16,29,3,6,0,0,0.0%,0.0,0.0,0.0,0.0,100.0%,0,0,0
NK Varazdin,HNL,18,6,8,4,16,13,9,6,0,0,0.0%,0.0,0.0,0.0,0.0,94.4%,1,0,1
HNK Rijeka,HNL,18,9,9,0,26,7,13,4,0,0,0.0%,0.0,0.0,0.0,0.0,94.4%,1,0,1
NK Lokomotiva Zagreb,HNL,18,5,4,9,23,28,3,6,0,0,0.0%,0.0,0.0,0.0,0.0,94.4%,1,0,1
HNK Hajduk Split,HNL,18,10,6,2,28,14,6,3,0,0,0.0%,0.0,0.0,0.0,0.0,94.4%,1,0,1
NK Slaven Belupo,HNL,18,5,5,8,21,26,2,7,0,0,0.0%,0.0,0.0,0.0,0.0,94.4%,1,0,1
Aarhus,Superliga,17,7,7,3,30,17,5,3,0,0,0.0%,0.0,0.0,0.0,0.0,100.0%,0,0,0
FC Midtjylland,Superliga,17,10,3,4,31,22,5,2,0,0,0.0%,0.0,0.0,0.0,0.0,100.0%,0,0,0
FC Nordsjaelland,Superliga,17,7,5,5,30,29,3,1,0,0,0.0%,0.0,0.0,0.0,0.0,100.0%,0,0,0
Aalborg,Superliga,17,4,5,8,18,31,2,9,0,0,0.0%,0.0,0.0,0.0,0.0,100.0%,0,0,0
Silkeborg,Superliga,17,6,8,3,29,23,3,1,0,0,0.0%,0.0,0.0,0.0,0.0,100.0%,0,0,0
Sonderjyske,Superliga,17,4,4,9,21,37,1,5,0,0,0.0%,0.0,0.0,0.0,0.0,100.0%,0,0,0
Vejle,Superliga,17,1,3,13,16,40,1,6,0,0,0.0%,0.0,0.0,0.0,0.0,100.0%,0,0,0
Randers FC,Superliga,17,8,6,3,31,19,4,2,0,0,0.0%,0.0,0.0,0.0,0.0,100.0%,0,0,0
Viborg,Superliga,17,5,6,6,29,27,5,2,0,0,0.0%,0.0,0.0,0.0,0.0,100.0%,0,0,0
Brondby,Superliga,17,7,6,4,31,22,6,3,0,0,0.0%,0.0,0.0,0.0,0.0,100.0%,0,0,0
Lyngby,Superliga,17,1,7,9,12,24,3,7,0,0,0.0%,0.0,0.0,0.0,0.0,100.0%,0,0,0
FC Copenhagen,Superliga,17,9,6,2,32,19,4,1,0,0,0.0%,0.0,0.0,0.0,0.0,100.0%,0,0,0
Manchester United,Premier League,18,6,4,8,21,24,6,7,0,0,0.0%,0.0,0.0,0.0,0.0,100.0%,0,0,0
Fulham,Premier League,19,7,8,4,28,25,3,2,0,0,0.0%,0.0,0.0,0.0,0.0,100.0%,0,0,0
Ipswich,Premier League,18,2,6,10,16,33,1,7,0,0,0.0%,0.0,0.0,0.0,0.0,100.0%,0,0,0
Liverpool,Premier League,18,14,3,1,45,17,8,1,0,0,0.0%,0.0,0.0,0.0,0.0,100.0%,0,0,0
Arsenal,Premier League,18,10,6,2,35,16,7,3,0,0,0.0%,0.0,0.0,0.0,0.0,100.0%,0,0,0
Wolves,Premier League,19,4,4,11,31,42,3,2,0,0,0.0%,0.0,0.0,0.0,0.0,100.0%,0,0,0
Everton,Premier League,18,3,8,7,15,24,7,10,0,0,0.0%,0.0,0.0,0.0,0.0,100.0%,0,0,0
Brighton,Premier League,18,6,8,4,27,26,4,2,0,0,0.0%,0.0,0.0,0.0,0.0,100.0%,0,0,0
Newcastle,Premier League,18,8,5,5,30,21,6,3,0,0,0.0%,0.0,0.0,0.0,0.0,100.0%,0,0,0
Southampton,Premier League,19,1,3,15,12,39,2,9,0,0,0.0%,0.0,0.0,0.0,0.0,100.0%,0,0,0
Nottingham Forest,Premier League,19,11,4,4,26,19,8,3,0,0,0.0%,0.0,0.0,0.0,0.0,100.0%,0,0,0
Bournemouth,Premier League,19,8,6,5,29,23,4,4,0,0,0.0%,0.0,0.0,0.0,0.0,100.0%,0,0,0
West Ham,Premier League,19,6,5,8,23,35,4,4,0,0,0.0%,0.0,0.0,0.0,0.0,100.0%,0,0,0
Aston Villa,Premier League,18,8,4,6,26,29,2,5,0,0,0.0%,0.0,0.0,0.0,0.0,100.0%,0,0,0
Brentford,Premier League,18,7,3,8,32,32,2,4,0,0,0.0%,0.0,0.0,0.0,0.0,100.0%,0,0,0
Crystal Palace,Premier League,19,4,8,7,20,27,4,6,0,0,0.0%,0.0,0.0,0.0,0.0,100.0%,0,0,0
Chelsea,Premier League,18,10,5,3,38,21,4,2,0,0,0.0%,0.0,0.0,0.0,0.0,100.0%,0,0,0
Manchester City,Premier League,19,9,4,6,32,26,4,2,0,0,0.0%,0.0,0.0,0.0,0.0,100.0%,0,0,0
Leicester,Premier League,19,3,5,11,22,42,1,4,0,0,0.0%,0.0,0.0,0.0,0.0,100.0%,0,0,0
Tottenham,Premier League,19,7,3,9,41,28,4,4,0,0,0.0%,0.0,0.0,0.0,0.0,100.0%,0,0,0
Athletic Club,La Liga,19,10,6,3,29,17,5,2,0,0,0.0%,0.0,0.0,0.0,0.0,100.0%,0,0,0
Getafe,La Liga,18,3,7,8,11,15,5,9,0,0,0.0%,0.0,0.0,0.0,0.0,100.0%,0,0,0
Real Betis,La Liga,18,6,7,5,21,22,4,4,0,0,0.0%,0.0,0.0,0.0,0.0,100.0%,0,0,0
Girona,La Liga,18,7,4,7,26,25,5,6,0,0,0.0%,0.0,0.0,0.0,0.0,100.0%,0,0,0
Mallorca,La Liga,19,9,3,7,19,21,6,6,0,0,0.0%,0.0,0.0,0.0,0.0,100.0%,0,0,0
Real Madrid,La Liga,18,12,4,2,41,18,8,1,0,0,0.0%,0.0,0.0,0.0,0.0,100.0%,0,0,0
Las Palmas,La Liga,18,6,4,8,23,27,3,4,0,0,0.0%,0.0,0.0,0.0,0.0,100.0%,0,0,0
Sevilla,La Liga,18,6,4,8,20,27,6,4,0,0,0.0%,0.0,0.0,0.0,0.0,100.0%,0,0,0
Villarreal,La Liga,18,8,6,4,34,30,1,2,0,0,0.0%,0.0,0.0,0.0,0.0,100.0%,0,0,0
Atletico Madrid,La Liga,18,12,5,1,33,12,9,2,0,0,0.0%,0.0,0.0,0.0,0.0,100.0%,0,0,0
Valencia,La Liga,17,2,6,9,16,26,3,7,0,0,0.0%,0.0,0.0,0.0,0.0,100.0%,0,0,0
Barcelona,La Liga,19,12,2,5,51,22,4,2,0,0,0.0%,0.0,0.0,0.0,0.0,100.0%,0,0,0
Real Sociedad,La Liga,18,7,4,7,16,13,10,8,0,0,0.0%,0.0,0.0,0.0,0.0,100.0%,0,0,0
Rayo Vallecano,La Liga,18,5,7,6,20,21,4,4,0,0,0.0%,0.0,0.0,0.0,0.0,100.0%,0,0,0
Celta Vigo,La Liga,18,7,3,8,27,28,4,3,0,0,0.0%,0.0,0.0,0.0,0.0,100.0%,0,0,0
Alaves,La Liga,18,4,5,9,21,30,3,5,0,0,0.0%,0.0,0.0,0.0,0.0,100.0%,0,0,0
Osasuna,La Liga,18,6,7,5,23,27,5,4,0,0,0.0%,0.0,0.0,0.0,0.0,100.0%,0,0,0
Leganes,La Liga,18,4,6,8,17,28,5,7,0,0,0.0%,0.0,0.0,0.0,0.0,100.0%,0,0,0
Valladolid,La Liga,18,3,3,12,12,37,4,8,0,0,0.0%,0.0,0.0,0.0,0.0,100.0%,0,0,0
Skalica,Super Liga,18,3,5,10,19,32,5,4,0,0,0.0%,0.0,0.0,0.0,0.0,100.0%,0,0,0
Zemplín Michalovce,Super Liga,18,5,7,6,22,28,5,6,0,0,0.0%,0.0,0.0,0.0,0.0,100.0%,0,0,0
Podbrezová,Super Liga,18,6,6,6,24,23,5,8,0,0,0.0%,0.0,0.0,0.0,0.0,100.0%,0,0,0
Žilina,Super Liga,18,12,5,1,39,15,6,4,0,0,0.0%,0.0,0.0,0.0,0.0,100.0%,0,0,0
Komárno,Super Liga,18,5,2,11,21,35,3,5,0,0,0.0%,0.0,0.0,0.0,0.0,100.0%,0,0,0
Slovan Bratislava,Super Liga,18,14,2,2,41,21,4,1,0,0,0.0%,0.0,0.0,0.0,0.0,100.0%,0,0,0
FK Košice,Super Liga,18,4,8,6,21,21,4,6,0,0,0.0%,0.0,0.0,0.0,0.0,100.0%,0,0,0
Dunajska Streda,Super Liga,18,6,6,6,24,19,8,6,0,0,0.0%,0.0,0.0,0.0,0.0,100.0%,0,0,0
Spartak Trnava,Super Liga,18,10,6,2,27,14,9,5,0,0,0.0%,0.0,0.0,0.0,0.0,100.0%,0,0,0
AS Trencin,Super Liga,18,2,9,7,19,32,5,6,0,0,0.0%,0.0,0.0,0.0,0.0,100.0%,0,0,0
Ružomberok,Super Liga,18,4,5,9,19,29,4,3,0,0,0.0%,0.0,0.0,0.0,0.0,100.0%,0,0,0
Dukla Banská Bystrica,Super Liga,18,4,5,9,20,27,3,7,0,0,0.0%,0.0,0.0,0.0,0.0,100.0%,0,0,0
Karviná,Czech Liga,19,6,5,8,23,32,6,4,0,0,0.0%,0.0,0.0,0.0,0.0,100.0%,0,0,0
Slovan Liberec,Czech Liga,19,6,6,7,28,22,5,7,0,0,0.0%,0.0,0.0,0.0,0.0,94.7%,1,0,1
České Budějovice,Czech Liga,19,0,3,16,7,56,3,14,0,0,0.0%,0.0,0.0,0.0,0.0,94.7%,1,0,1
Sigma Olomouc,Czech Liga,19,7,5,7,28,30,2,3,0,0,0.0%,0.0,0.0,0.0,0.0,94.7%,1,0,1
Slovácko,Czech Liga,19,6,7,6,18,26,7,7,0,0,0.0%,0.0,0.0,0.0,0.0,94.7%,1,0,1
Slavia Praha,Czech Liga,19,16,2,1,41,7,12,2,0,0,0.0%,0.0,0.0,0.0,0.0,100.0%,0,0,0
Hradec Králové,Czech Liga,19,7,4,8,17,17,7,9,0,0,0.0%,0.0,0.0,0.0,0.0,94.7%,1,0,1
Teplice,Czech Liga,19,6,3,10,23,31,4,3,0,0,0.0%,0.0,0.0,0.0,0.0,100.0%,0,0,0
FK Jablonec,Czech Liga,19,9,3,7,31,16,9,6,0,0,0.0%,0.0,0.0,0.0,0.0,94.7%,1,0,1
Mlada Boleslav,Czech Liga,19,7,7,5,31,22,7,3,0,0,0.0%,0.0,0.0,0.0,0.0,100.0%,0,0,0
Sparta Praha,Czech Liga,19,11,4,4,35,22,4,1,0,0,0.0%,0.0,0.0,0.0,0.0,100.0%,0,0,0
Pardubice,Czech Liga,19,3,6,10,17,26,3,9,0,0,0.0%,0.0,0.0,0.0,0.0,94.7%,1,0,1
Dukla Praha,Czech Liga,19,3,3,13,15,36,3,7,0,0,0.0%,0.0,0.0,0.0,0.0,100.0%,0,0,0
Plzen,Czech Liga,19,13,4,2,38,15,8,3,0,0,0.0%,0.0,0.0,0.0,0.0,100.0%,0,0,0
Bohemians 1905,Czech Liga,19,5,7,7,24,30,3,8,0,0,0.0%,0.0,0.0,0.0,0.0,100.0%,0,0,0
Baník Ostrava,Czech Liga,19,11,3,5,32,20,7,4,0,0,0.0%,0.0,0.0,0.0,0.0,94.7%,1,0,1
Nyiregyhaza,NB I,17,5,3,9,21,29,2,6,0,0,0.0%,0.0,0.0,0.0,0.0,0.0%,17,0,17
Gyori ETO FC,NB I,17,4,6,7,23,26,3,4,0,0,0.0%,0.0,0.0,0.0,0.0,0.0%,17,0,17
Zalaegerszegi TE,NB I,16,4,4,8,20,24,0,4,0,0,0.0%,0.0,0.0,0.0,0.0,87.5%,2,0,2
MTK Budapest,NB I,17,9,2,6,30,23,3,4,0,0,0.0%,0.0,0.0,0.0,0.0,70.6%,5,0,5
Ujpest,NB I,17,7,6,4,21,14,8,5,0,0,0.0%,0.0,0.0,0.0,0.0,82.4%,3,0,3
Puskas Academy,NB I,17,11,2,4,29,18,7,2,0,0,0.0%,0.0,0.0,0.0,0.0,70.6%,5,0,5
Diosgyori VTK,NB I,17,8,6,3,25,21,7,5,0,0,0.0%,0.0,0.0,0.0,0.0,76.5%,4,0,4
Paks,NB I,17,8,3,6,34,30,3,1,0,0,0.0%,0.0,0.0,0.0,0.0,82.4%,3,0,3
Kecskeméti TE,NB I,17,2,5,10,12,29,2,8,0,0,0.0%,0.0,0.0,0.0,0.0,82.4%,3,0,3
Fehérvár FC,NB I,17,6,3,8,24,25,5,5,0,0,0.0%,0.0,0.0,0.0,0.0,76.5%,4,0,4
Debreceni VSC,NB I,17,3,4,10,25,37,1,5,0,0,0.0%,0.0,0.0,0.0,0.0,76.5%,4,0,4
Ferencvarosi TC,NB I,16,10,4,2,28,16,9,1,0,0,0.0%,0.0,0.0,0.0,0.0,81.2%,3,0,3
Opava,FNL,16,5,5,6,19,25,5,4,0,0,0.0%,0.0,0.0,0.0,0.0,0.0%,16,1,16
Vlašim,FNL,16,4,9,3,28,26,2,0,0,0,0.0%,0.0,0.0,0.0,0.0,0.0%,16,0,16
Vysočina Jihlava,FNL,16,3,7,6,18,26,1,3,0,0,0.0%,0.0,0.0,0.0,0.0,0.0%,16,0,16
Zbrojovka Brno,FNL,16,3,6,7,18,29,3,3,0,0,0.0%,0.0,0.0,0.0,0.0,0.0%,16,0,16
Varnsdorf,FNL,16,2,5,9,18,25,1,6,0,0,0.0%,0.0,0.0,0.0,0.0,0.0%,16,0,16
Viktoria Žižkov,FNL,16,6,5,5,28,22,2,4,0,0,0.0%,0.0,0.0,0.0,0.0,0.0%,16,0,16
Sparta Praha II,FNL,16,4,5,7,27,29,3,2,0,0,0.0%,0.0,0.0,0.0,0.0,0.0%,16,0,16
Baník Ostrava II,FNL,16,4,3,9,17,30,4,5,0,0,0.0%,0.0,0.0,0.0,0.0,0.0%,16,0,16
Chrudim,FNL,16,10,3,3,30,15,7,3,0,0,0.0%,0.0,0.0,0.0,0.0,0.0%,16,0,16
Sigma Olomouc II,FNL,16,5,4,7,20,22,3,9,0,0,0.0%,0.0,0.0,0.0,0.0,0.0%,16,0,16
Vyškov,FNL,16,7,6,3,17,11,7,5,0,0,0.0%,0.0,0.0,0.0,0.0,0.0%,16,0,16
Prostějov,FNL,16,5,7,4,21,24,3,5,0,0,0.0%,0.0,0.0,0.0,0.0,0.0%,16,1,16
Táborsko,FNL,16,5,6,5,17,16,5,6,0,0,0.0%,0.0,0.0,0.0,0.0,0.0%,16,0,16
Slavia Praha II,FNL,16,5,5,6,26,22,3,2,0,0,0.0%,0.0,0.0,0.0,0.0,0.0%,16,0,16
Líšeň,FNL,16,4,8,4,17,18,5,6,0,0,0.0%,0.0,0.0,0.0,0.0,0.0%,16,0,16
Zlin,FNL,16,12,4,0,24,5,11,2,0,0,0.0%,0.0,0.0,0.0,0.0,0.0%,16,0,16
Martigues,Ligue 2,16,2,3,11,8,34,1,11,0,0,0.0%,0.0,0.0,0.0,0.0,100.0%,0,0,0
Lorient,Ligue 2,16,10,3,3,30,15,6,3,0,0,0.0%,0.0,0.0,0.0,0.0,100.0%,0,0,0
Clermont Foot,Ligue 2,16,4,5,7,14,19,2,8,0,0,0.0%,0.0,0.0,0.0,0.0,100.0%,0,0,0
PAU,Ligue 2,16,6,4,6,18,19,6,5,0,0,0.0%,0.0,0.0,0.0,0.0,100.0%,0,0,0
Ajaccio,Ligue 2,16,4,3,9,10,17,4,9,0,0,0.0%,0.0,0.0,0.0,0.0,100.0%,0,0,0
Rodez,Ligue 2,16,5,5,6,29,26,3,2,0,0,0.0%,0.0,0.0,0.0,0.0,100.0%,0,0,0
Dunkerque,Ligue 2,16,10,1,5,26,21,5,2,0,0,0.0%,0.0,0.0,0.0,0.0,100.0%,0,0,0
Annecy,Ligue 2,16,7,6,3,23,18,10,3,0,0,0.0%,0.0,0.0,0.0,0.0,100.0%,0,0,0
Amiens,Ligue 2,16,7,2,7,20,21,6,4,0,0,0.0%,0.0,0.0,0.0,0.0,100.0%,0,0,0
RED Star FC 93,Ligue 2,16,5,3,8,16,28,4,6,0,0,0.0%,0.0,0.0,0.0,0.0,100.0%,0,0,0
Grenoble,Ligue 2,16,5,3,8,18,20,5,7,0,0,0.0%,0.0,0.0,0.0,0.0,100.0%,0,0,0
Laval,Ligue 2,16,7,4,5,25,17,4,4,0,0,0.0%,0.0,0.0,0.0,0.0,100.0%,0,0,0
Guingamp,Ligue 2,16,8,1,7,26,22,6,3,0,0,0.0%,0.0,0.0,0.0,0.0,100.0%,0,0,0
Estac Troyes,Ligue 2,16,5,3,8,15,19,7,9,0,0,0.0%,0.0,0.0,0.0,0.0,100.0%,0,0,0
Metz,Ligue 2,16,8,5,3,24,13,6,3,0,0,0.0%,0.0,0.0,0.0,0.0,100.0%,0,0,0
Bastia,Ligue 2,16,4,10,2,16,14,7,6,0,0,0.0%,0.0,0.0,0.0,0.0,100.0%,0,0,0
Caen,Ligue 2,16,4,3,9,18,24,3,5,0,0,0.0%,0.0,0.0,0.0,0.0,100.0%,0,0,0
Paris FC,Ligue 2,16,9,4,3,24,13,9,4,0,0,0.0%,0.0,0.0,0.0,0.0,100.0%,0,0,0
Espanyol,La Liga,18,4,3,11,16,30,2,8,0,0,0.0%,0.0,0.0,0.0,0.0,100.0%,0,0,0
Club Brugge KV,Jupiler Pro League,20,12,5,3,44,23,6,1,0,0,0.0%,0.0,0.0,0.0,0.0,100.0%,0,0,0
KV Mechelen,Jupiler Pro League,20,7,6,7,35,26,7,3,0,0,0.0%,0.0,0.0,0.0,0.0,95.0%,1,0,1
Dender,Jupiler Pro League,20,7,6,7,27,33,5,5,0,0,0.0%,0.0,0.0,0.0,0.0,95.0%,1,0,1
Union St. Gilloise,Jupiler Pro League,20,7,10,3,28,18,9,7,0,0,0.0%,0.0,0.0,0.0,0.0,100.0%,0,0,0
Beerschot Wilrijk,Jupiler Pro League,20,2,6,12,18,41,3,10,0,0,0.0%,0.0,0.0,0.0,0.0,100.0%,0,0,0
OH Leuven,Jupiler Pro League,20,5,10,5,19,21,6,6,0,0,0.0%,0.0,0.0,0.0,0.0,95.0%,1,0,1
Anderlecht,Jupiler Pro League,20,9,6,5,36,18,9,5,0,0,0.0%,0.0,0.0,0.0,0.0,100.0%,0,0,0
St. Truiden,Jupiler Pro League,20,4,7,9,24,40,3,5,0,0,0.0%,0.0,0.0,0.0,0.0,95.0%,1,0,1
Genk,Jupiler Pro League,20,13,3,4,40,27,8,3,0,0,0.0%,0.0,0.0,0.0,0.0,100.0%,0,0,0
Standard Liege,Jupiler Pro League,20,6,7,7,12,21,9,11,0,0,0.0%,0.0,0.0,0.0,0.0,100.0%,0,0,0
Kortrijk,Jupiler Pro League,20,5,3,12,17,39,2,9,0,0,0.0%,0.0,0.0,0.0,0.0,100.0%,0,0,0
Gent,Jupiler Pro League,20,8,6,6,30,24,8,5,0,0,0.0%,0.0,0.0,0.0,0.0,100.0%,0,0,0
Charleroi,Jupiler Pro League,20,8,3,9,21,23,6,8,0,0,0.0%,0.0,0.0,0.0,0.0,95.0%,1,0,1
Antwerp,Jupiler Pro League,20,9,5,6,35,21,5,3,0,0,0.0%,0.0,0.0,0.0,0.0,100.0%,0,0,0
KVC Westerlo,Jupiler Pro League,20,6,5,9,34,34,3,4,0,0,0.0%,0.0,0.0,0.0,0.0,95.0%,1,0,1
Cercle Brugge,Jupiler Pro League,20,5,6,9,21,32,4,8,0,0,0.0%,0.0,0.0,0.0,0.0,100.0%,0,0,0
Groningen,Eredivisie,16,4,4,8,14,26,4,8,0,0,0.0%,0.0,0.0,0.0,0.0,100.0%,0,0,0
NAC Breda,Eredivisie,17,7,1,9,19,27,4,5,0,0,0.0%,0.0,0.0,0.0,0.0,100.0%,0,0,0
Feyenoord,Eredivisie,17,10,5,2,40,21,3,2,0,0,0.0%,0.0,0.0,0.0,0.0,100.0%,0,0,0
Willem II,Eredivisie,17,6,4,7,21,19,5,5,0,0,0.0%,0.0,0.0,0.0,0.0,100.0%,0,0,0
NEC Nijmegen,Eredivisie,17,5,2,10,23,24,5,5,0,0,0.0%,0.0,0.0,0.0,0.0,100.0%,0,0,0
Twente,Eredivisie,17,9,4,4,32,21,6,1,0,0,0.0%,0.0,0.0,0.0,0.0,100.0%,0,0,0
Almere City FC,Eredivisie,17,2,3,12,10,37,3,10,0,0,0.0%,0.0,0.0,0.0,0.0,100.0%,0,0,0
AZ Alkmaar,Eredivisie,17,10,2,5,31,17,6,2,0,0,0.0%,0.0,0.0,0.0,0.0,100.0%,0,0,0
PSV Eindhoven,Eredivisie,17,15,0,2,59,13,7,1,0,0,0.0%,0.0,0.0,0.0,0.0,100.0%,0,0,0
Waalwijk,Eredivisie,17,1,4,12,18,41,1,5,0,0,0.0%,0.0,0.0,0.0,0.0,100.0%,0,0,0
Sparta Rotterdam,Eredivisie,17,2,6,9,14,26,1,6,0,0,0.0%,0.0,0.0,0.0,0.0,100.0%,0,0,0
Heracles,Eredivisie,16,3,5,8,18,33,3,6,0,0,0.0%,0.0,0.0,0.0,0.0,100.0%,0,0,0
Utrecht,Eredivisie,17,11,3,3,34,28,3,1,0,0,0.0%,0.0,0.0,0.0,0.0,100.0%,0,0,0
PEC Zwolle,Eredivisie,17,4,5,8,16,26,4,6,0,0,0.0%,0.0,0.0,0.0,0.0,100.0%,0,0,0
GO Ahead Eagles,Eredivisie,17,7,4,6,30,27,4,4,0,0,0.0%,0.0,0.0,0.0,0.0,100.0%,0,0,0
Fortuna Sittard,Eredivisie,17,7,4,6,25,25,6,4,0,0,0.0%,0.0,0.0,0.0,0.0,100.0%,0,0,0
Ajax,Eredivisie,17,12,3,2,37,16,8,0,0,0,0.0%,0.0,0.0,0.0,0.0,100.0%,0,0,0
Heerenveen,Eredivisie,17,6,3,8,17,31,4,6,0,0,0.0%,0.0,0.0,0.0,0.0,100.0%,0,0,0
Stade Brestois 29,Ligue 1,15,6,1,8,24,27,3,3,0,0,0.0%,0.0,0.0,0.0,0.0,100.0%,0,0,0
Marseille,Ligue 1,15,9,3,3,32,18,3,2,0,0,0.0%,0.0,0.0,0.0,0.0,100.0%,0,0,0
Montpellier,Ligue 1,15,2,3,10,15,38,0,7,0,0,0.0%,0.0,0.0,0.0,0.0,100.0%,0,0,0
Strasbourg,Ligue 1,15,4,5,6,25,27,3,2,0,0,0.0%,0.0,0.0,0.0,0.0,100.0%,0,0,0
Toulouse,Ligue 1,15,6,3,6,17,17,6,4,0,0,0.0%,0.0,0.0,0.0,0.0,100.0%,0,0,0
Nantes,Ligue 1,15,3,5,7,17,24,3,3,0,0,0.0%,0.0,0.0,0.0,0.0,100.0%,0,0,0
Angers,Ligue 1,15,3,4,8,14,26,2,5,0,0,0.0%,0.0,0.0,0.0,0.0,100.0%,0,0,0
Lens,Ligue 1,15,6,6,3,19,14,7,4,0,0,0.0%,0.0,0.0,0.0,0.0,100.0%,0,0,0
Monaco,Ligue 1,16,9,3,4,26,16,6,3,0,0,0.0%,0.0,0.0,0.0,0.0,100.0%,0,0,0
Saint Etienne,Ligue 1,15,4,1,10,12,34,3,8,0,0,0.0%,0.0,0.0,0.0,0.0,100.0%,0,0,0
Reims,Ligue 1,15,5,5,5,20,18,3,5,0,0,0.0%,0.0,0.0,0.0,0.0,100.0%,0,0,0
Lille,Ligue 1,15,7,6,2,25,15,6,2,0,0,0.0%,0.0,0.0,0.0,0.0,100.0%,0,0,0
Auxerre,Ligue 1,15,6,3,6,23,23,4,4,0,0,0.0%,0.0,0.0,0.0,0.0,100.0%,0,0,0
Nice,Ligue 1,15,6,6,3,28,19,3,2,0,0,0.0%,0.0,0.0,0.0,0.0,100.0%,0,0,0
LE Havre,Ligue 1,15,4,0,11,11,29,3,8,0,0,0.0%,0.0,0.0,0.0,0.0,100.0%,0,0,0
Paris Saint Germain,Ligue 1,16,12,4,0,44,14,5,1,0,0,0.0%,0.0,0.0,0.0,0.0,100.0%,0,0,0
Rennes,Ligue 1,15,5,2,8,20,20,5,4,0,0,0.0%,0.0,0.0,0.0,0.0,100.0%,0,0,0
Lyon,Ligue 1,15,7,4,4,27,20,5,3,0,0,0.0%,0.0,0.0,0.0,0.0,100.0%,0,0,0
Cherno More Varna,First League,19,12,4,3,30,11,10,5,0,0,0.0%,0.0,0.0,0.0,0.0,26.3%,13,0,14
CSKA 1948,First League,19,4,9,6,22,26,6,5,0,0,0.0%,0.0,0.0,0.0,0.0,21.1%,14,0,15
Septemvri Sofia,First League,19,6,1,12,17,29,2,9,0,0,0.0%,0.0,0.0,0.0,0.0,31.6%,13,0,13
Beroe,First League,19,9,3,7,23,16,7,6,0,0,0.0%,0.0,0.0,0.0,0.0,47.4%,9,0,10
Lokomotiv Sofia,First League,19,3,5,11,12,33,5,11,0,0,0.0%,0.0,0.0,0.0,0.0,31.6%,13,0,13
Levski Sofia,First League,19,13,1,5,35,14,10,4,0,0,0.0%,0.0,0.0,0.0,0.0,57.9%,8,0,8
Botev Vratsa,First League,19,3,3,13,15,40,3,8,0,0,0.0%,0.0,0.0,0.0,0.0,42.1%,11,0,11
Botev Plovdiv,First League,19,13,1,5,22,14,11,4,0,0,0.0%,0.0,0.0,0.0,0.0,36.8%,12,0,12
Lokomotiv Plovdiv,First League,19,3,5,11,20,31,3,7,0,0,0.0%,0.0,0.0,0.0,0.0,36.8%,12,0,12
Arda Kardzhali,First League,19,10,4,5,25,22,6,4,0,0,0.0%,0.0,0.0,0.0,0.0,31.6%,13,0,13
Levski Krumovgrad,First League,19,5,5,9,12,19,8,12,0,0,0.0%,0.0,0.0,0.0,0.0,31.6%,13,0,13
Slavia Sofia,First League,19,7,2,10,22,25,2,8,0,0,0.0%,0.0,0.0,0.0,0.0,42.1%,11,0,11
Ludogorets,First League,19,17,2,0,43,6,15,1,0,0,0.0%,0.0,0.0,0.0,0.0,52.6%,8,0,9
CSKA Sofia,First League,19,7,5,7,25,21,5,7,0,0,0.0%,0.0,0.0,0.0,0.0,36.8%,12,0,12
Hebar 1918,First League,19,1,6,12,14,32,2,10,0,0,0.0%,0.0,0.0,0.0,0.0,47.4%,10,0,10
Spartak Varna,First League,19,9,4,6,25,23,9,3,0,0,0.0%,0.0,0.0,0.0,0.0,36.8%,12,0,12
FK Crvena Zvezda,Super Liga,20,19,1,0,71,12,10,0,0,0,0.0%,0.0,0.0,0.0,0.0,95.0%,1,0,1
Jedinstvo Ub,Super Liga,20,2,2,16,12,47,2,10,0,0,0.0%,0.0,0.0,0.0,0.0,95.0%,1,0,1
Mladost Lucani,Super Liga,20,9,5,6,24,23,5,5,0,0,0.0%,0.0,0.0,0.0,0.0,100.0%,0,0,0
OFK Beograd,Super Liga,20,9,6,5,27,24,7,4,0,0,0.0%,0.0,0.0,0.0,0.0,95.0%,1,0,1
Tekstilac Odžaci,Super Liga,20,5,3,12,13,36,4,11,0,0,0.0%,0.0,0.0,0.0,0.0,95.0%,1,0,1
Vojvodina,Super Liga,20,8,6,6,33,24,7,6,0,0,0.0%,0.0,0.0,0.0,0.0,95.0%,1,0,1
Novi Pazar,Super Liga,20,7,4,9,30,40,4,3,0,0,0.0%,0.0,0.0,0.0,0.0,95.0%,1,0,1
FK Spartak Zdrepceva KRV,Super Liga,20,5,6,9,16,30,6,9,0,0,0.0%,0.0,0.0,0.0,0.0,95.0%,1,0,1
Cukaricki,Super Liga,20,7,6,7,29,30,5,2,0,0,0.0%,0.0,0.0,0.0,0.0,90.0%,1,0,2
Radnicki NIS,Super Liga,20,7,4,9,29,39,2,3,0,0,0.0%,0.0,0.0,0.0,0.0,95.0%,0,0,1
TSC Backa Topola,Super Liga,20,8,4,8,32,26,6,5,0,0,0.0%,0.0,0.0,0.0,0.0,100.0%,0,0,0
IMT Novi Beograd,Super Liga,20,5,5,10,25,35,2,7,0,0,0.0%,0.0,0.0,0.0,0.0,95.0%,1,0,1
Radnicki 1923,Super Liga,20,9,4,7,37,25,7,3,0,0,0.0%,0.0,0.0,0.0,0.0,95.0%,1,0,1
Železničar Pančevo,Super Liga,20,7,4,9,27,25,4,6,0,0,0.0%,0.0,0.0,0.0,0.0,95.0%,1,0,1
Napredak,Super Liga,20,6,5,9,20,26,5,7,0,0,0.0%,0.0,0.0,0.0,0.0,100.0%,0,0,0
FK Partizan,Super Liga,20,12,5,3,37,20,9,4,0,0,0.0%,0.0,0.0,0.0,0.0,95.0%,1,0,1
Bologna,Serie A,13,5,6,2,18,16,4,3,0,0,0.0%,0.0,0.0,0.0,0.0,100.0%,0,0,0
Udinese,Serie A,14,5,2,7,16,21,3,4,0,0,0.0%,0.0,0.0,0.0,0.0,100.0%,0,0,0
Cagliari,Serie A,14,3,5,6,15,24,2,6,0,0,0.0%,0.0,0.0,0.0,0.0,100.0%,0,0,0
AS Roma,Serie A,14,3,4,7,14,20,4,5,0,0,0.0%,0.0,0.0,0.0,0.0,100.0%,0,0,0
Empoli,Serie A,14,3,7,4,10,14,5,6,0,0,0.0%,0.0,0.0,0.0,0.0,100.0%,0,0,0
Monza,Serie A,14,1,7,6,12,17,2,6,0,0,0.0%,0.0,0.0,0.0,0.0,100.0%,0,0,0
Genoa,Serie A,14,3,5,6,13,24,3,5,0,0,0.0%,0.0,0.0,0.0,0.0,100.0%,0,0,0
Inter,Serie A,14,9,4,1,34,15,6,0,0,0,0.0%,0.0,0.0,0.0,0.0,100.0%,0,0,0
Verona,Serie A,14,4,0,10,17,33,2,5,0,0,0.0%,0.0,0.0,0.0,0.0,100.0%,0,0,0
Napoli,Serie A,14,10,2,2,21,9,9,3,0,0,0.0%,0.0,0.0,0.0,0.0,100.0%,0,0,0
Juventus,Serie A,14,6,8,0,22,8,10,4,0,0,0.0%,0.0,0.0,0.0,0.0,100.0%,0,0,0
Como,Serie A,15,2,6,7,14,26,1,6,0,0,0.0%,0.0,0.0,0.0,0.0,93.3%,0,0,0
Lazio,Serie A,14,9,1,4,29,17,3,1,0,0,0.0%,0.0,0.0,0.0,0.0,100.0%,0,0,0
Venezia,Serie A,14,2,2,10,11,25,2,7,0,0,0.0%,0.0,0.0,0.0,0.0,100.0%,0,0,0
Lecce,Serie A,15,3,5,7,7,22,5,9,0,0,0.0%,0.0,0.0,0.0,0.0,93.3%,0,0,0
Atalanta,Serie A,14,10,1,3,36,16,5,1,0,0,0.0%,0.0,0.0,0.0,0.0,100.0%,0,0,0
AC Milan,Serie A,13,6,4,3,23,14,6,2,0,0,0.0%,0.0,0.0,0.0,0.0,100.0%,0,0,0
Torino,Serie A,14,4,3,7,16,20,3,5,0,0,0.0%,0.0,0.0,0.0,0.0,100.0%,0,0,0
Parma,Serie A,15,3,6,6,21,25,1,2,0,0,0.0%,0.0,0.0,0.0,0.0,100.0%,0,0,0
Fiorentina,Serie A,13,8,4,1,27,10,6,2,0,0,0.0%,0.0,0.0,0.0,0.0,100.0%,0,0,0
Borussia Mönchengladbach,Bundesliga,15,7,3,5,25,20,4,2,0,0,0.0%,0.0,0.0,0.0,0.0,100.0%,0,0,0
Bayer Leverkusen,Bundesliga,15,9,5,1,37,21,2,1,0,0,0.0%,0.0,0.0,0.0,0.0,100.0%,0,0,0
RB Leipzig,Bundesliga,15,8,3,4,24,20,8,3,0,0,0.0%,0.0,0.0,0.0,0.0,100.0%,0,0,0
VfL Bochum,Bundesliga,15,1,3,11,13,35,1,6,0,0,0.0%,0.0,0.0,0.0,0.0,100.0%,0,0,0
Borussia Dortmund,Bundesliga,15,7,4,4,28,22,3,1,0,0,0.0%,0.0,0.0,0.0,0.0,100.0%,0,0,0
Eintracht Frankfurt,Bundesliga,15,8,3,4,35,23,3,1,0,0,0.0%,0.0,0.0,0.0,0.0,100.0%,0,0,0
1899 Hoffenheim,Bundesliga,15,3,5,7,20,28,2,4,0,0,0.0%,0.0,0.0,0.0,0.0,100.0%,0,0,0
Holstein Kiel,Bundesliga,15,2,2,11,19,38,1,4,0,0,0.0%,0.0,0.0,0.0,0.0,100.0%,0,0,0
SC Freiburg,Bundesliga,15,7,3,5,21,24,4,5,0,0,0.0%,0.0,0.0,0.0,0.0,100.0%,0,0,0
VfB Stuttgart,Bundesliga,15,6,5,4,29,25,2,3,0,0,0.0%,0.0,0.0,0.0,0.0,100.0%,0,0,0
FC Augsburg,Bundesliga,15,4,4,7,17,32,2,5,0,0,0.0%,0.0,0.0,0.0,0.0,100.0%,0,0,0
Werder Bremen,Bundesliga,15,7,4,4,26,25,3,4,0,0,0.0%,0.0,0.0,0.0,0.0,100.0%,0,0,0
VfL Wolfsburg,Bundesliga,15,6,3,6,32,28,3,1,0,0,0.0%,0.0,0.0,0.0,0.0,100.0%,0,0,0
Bayern München,Bundesliga,15,11,3,1,47,13,7,0,0,0,0.0%,0.0,0.0,0.0,0.0,100.0%,0,0,0
FSV Mainz 05,Bundesliga,15,7,4,4,28,20,4,3,0,0,0.0%,0.0,0.0,0.0,0.0,100.0%,0,0,0
Union Berlin,Bundesliga,15,4,5,6,14,19,4,5,0,0,0.0%,0.0,0.0,0.0,0.0,100.0%,0,0,0
FC St. Pauli,Bundesliga,15,4,2,9,12,19,5,8,0,0,0.0%,0.0,0.0,0.0,0.0,100.0%,0,0,0
1. FC Heidenheim,Bundesliga,15,3,1,11,18,33,4,6,0,0,0.0%,0.0,0.0,0.0,0.0,100.0%,0,0,0
1.FC Köln,2. Bundesliga,17,9,4,4,32,23,7,0,0,0,0.0%,0.0,0.0,0.0,0.0,100.0%,0,0,0
Hamburger SV,2. Bundesliga,17,7,7,3,39,23,3,1,0,0,0.0%,0.0,0.0,0.0,0.0,100.0%,0,0,0
SV Darmstadt 98,2. Bundesliga,17,6,6,5,36,29,1,3,0,0,0.0%,0.0,0.0,0.0,0.0,100.0%,0,0,0
Fortuna Düsseldorf,2. Bundesliga,17,7,5,5,28,23,6,4,0,0,0.0%,0.0,0.0,0.0,0.0,100.0%,0,0,0
Karlsruher SC,2. Bundesliga,17,8,5,4,34,31,3,1,0,0,0.0%,0.0,0.0,0.0,0.0,100.0%,0,0,0
1. FC Nürnberg,2. Bundesliga,17,6,4,7,31,30,3,4,0,0,0.0%,0.0,0.0,0.0,0.0,100.0%,0,0,0
Hannover 96,2. Bundesliga,17,8,3,6,22,17,7,5,0,0,0.0%,0.0,0.0,0.0,0.0,100.0%,0,0,0
SSV Jahn Regensburg,2. Bundesliga,17,3,2,12,9,39,4,12,0,0,0.0%,0.0,0.0,0.0,0.0,100.0%,0,0,0
SpVgg Greuther Fürth,2. Bundesliga,17,5,5,7,24,33,3,5,0,0,0.0%,0.0,0.0,0.0,0.0,100.0%,0,0,0
Preußen Münster,2. Bundesliga,17,3,7,7,18,23,5,5,0,0,0.0%,0.0,0.0,0.0,0.0,100.0%,0,0,0
Hertha BSC,2. Bundesliga,17,6,4,7,27,27,3,3,0,0,0.0%,0.0,0.0,0.0,0.0,100.0%,0,0,0
SC Paderborn 07,2. Bundesliga,17,7,7,3,29,24,3,3,0,0,0.0%,0.0,0.0,0.0,0.0,100.0%,0,0,0
FC Schalke 04,2. Bundesliga,17,5,5,7,32,33,2,4,0,0,0.0%,0.0,0.0,0.0,0.0,100.0%,0,0,0
Eintracht Braunschweig,2. Bundesliga,17,3,4,10,16,36,4,6,0,0,0.0%,0.0,0.0,0.0,0.0,100.0%,0,0,0
1. FC Magdeburg,2. Bundesliga,17,7,7,3,30,24,4,3,0,0,0.0%,0.0,0.0,0.0,0.0,100.0%,0,0,0
SV Elversberg,2. Bundesliga,17,8,4,5,31,22,6,3,0,0,0.0%,0.0,0.0,0.0,0.0,100.0%,0,0,0
SSV Ulm 1846,2. Bundesliga,17,2,8,7,16,20,4,7,0,0,0.0%,0.0,0.0,0.0,0.0,100.0%,0,0,0
1. FC Kaiserslautern,2. Bundesliga,17,7,5,5,30,27,5,4,0,0,0.0%,0.0,0.0,0.0,0.0,100.0%,0,0,0
FC Porto,Primeira Liga,16,13,1,2,40,9,11,1,0,0,0.0%,0.0,0.0,0.0,0.0,100.0%,0,0,0
GIL Vicente,Primeira Liga,16,4,6,6,18,25,5,5,0,0,0.0%,0.0,0.0,0.0,0.0,100.0%,0,0,0
Estoril,Primeira Liga,16,3,6,7,14,26,4,9,0,0,0.0%,0.0,0.0,0.0,0.0,100.0%,0,0,0
Santa Clara,Primeira Liga,16,9,1,6,16,15,7,6,0,0,0.0%,0.0,0.0,0.0,0.0,93.8%,0,0,0
SC Braga,Primeira Liga,16,8,4,4,28,18,7,2,0,0,0.0%,0.0,0.0,0.0,0.0,100.0%,0,0,0
Estrela,Primeira Liga,16,4,4,8,14,25,2,7,0,0,0.0%,0.0,0.0,0.0,0.0,100.0%,0,0,0
Casa Pia,Primeira Liga,16,6,5,5,18,19,3,5,0,0,0.0%,0.0,0.0,0.0,0.0,100.0%,0,0,0
Boavista,Primeira Liga,16,2,6,8,10,23,4,10,0,0,0.0%,0.0,0.0,0.0,0.0,100.0%,0,0,0
Sporting CP,Primeira Liga,16,13,1,2,44,10,9,2,0,0,0.0%,0.0,0.0,0.0,0.0,100.0%,0,0,0
Rio Ave,Primeira Liga,16,5,4,7,17,27,3,6,0,0,0.0%,0.0,0.0,0.0,0.0,100.0%,0,0,0
Arouca,Primeira Liga,16,3,3,10,10,27,4,6,0,0,0.0%,0.0,0.0,0.0,0.0,100.0%,0,0,0
Guimaraes,Primeira Liga,16,6,6,4,22,18,5,4,0,0,0.0%,0.0,0.0,0.0,0.0,100.0%,0,0,0
Famalicao,Primeira Liga,16,4,8,4,18,17,7,5,0,0,0.0%,0.0,0.0,0.0,0.0,93.8%,0,0,0
Benfica,Primeira Liga,16,12,2,2,37,9,8,2,0,0,0.0%,0.0,0.0,0.0,0.0,100.0%,0,0,0
Farense,Primeira Liga,16,3,4,9,11,23,3,7,0,0,0.0%,0.0,0.0,0.0,0.0,100.0%,0,0,0
Moreirense,Primeira Liga,16,6,3,7,21,24,3,4,0,0,0.0%,0.0,0.0,0.0,0.0,100.0%,0,0,0
AVS,Primeira Liga,16,2,8,6,12,23,5,6,0,0,0.0%,0.0,0.0,0.0,0.0,100.0%,0,0,0
Nacional,Primeira Liga,16,3,4,9,11,23,5,8,0,0,0.0%,0.0,0.0,0.0,0.0,100.0%,0,0,0
Bari,Serie B,20,6,9,5,22,18,8,6,0,0,0.0%,0.0,0.0,0.0,0.0,100.0%,0,0,0
Juve Stabia,Serie B,20,7,8,5,22,23,7,6,0,0,0.0%,0.0,0.0,0.0,0.0,100.0%,0,0,0
Brescia,Serie B,20,5,8,7,24,27,6,6,0,0,0.0%,0.0,0.0,0.0,0.0,100.0%,0,0,0
Palermo,Serie B,20,6,6,8,20,19,6,7,0,0,0.0%,0.0,0.0,0.0,0.0,100.0%,0,0,0
Catanzaro,Serie B,20,5,12,3,24,20,7,7,0,0,0.0%,0.0,0.0,0.0,0.0,100.0%,0,0,0
Sassuolo,Serie B,20,14,4,2,43,19,8,1,0,0,0.0%,0.0,0.0,0.0,0.0,100.0%,0,0,0
Cesena,Serie B,20,7,4,9,27,28,5,5,0,0,0.0%,0.0,0.0,0.0,0.0,100.0%,0,0,0
Carrarese,Serie B,20,7,6,7,18,20,11,7,0,0,0.0%,0.0,0.0,0.0,0.0,100.0%,0,0,0
Cosenza,Serie B,20,4,9,7,19,23,4,6,0,0,0.0%,0.0,0.0,0.0,0.0,100.0%,0,0,0
Cremonese,Serie B,20,8,6,6,26,21,5,5,0,0,0.0%,0.0,0.0,0.0,0.0,100.0%,0,0,0
Frosinone,Serie B,20,4,8,8,17,27,5,8,0,0,0.0%,0.0,0.0,0.0,0.0,100.0%,0,0,0
Sampdoria,Serie B,20,4,8,8,23,30,5,7,0,0,0.0%,0.0,0.0,0.0,0.0,100.0%,0,0,0
Pisa,Serie B,20,13,4,3,36,18,7,5,0,0,0.0%,0.0,0.0,0.0,0.0,100.0%,0,0,0
Spezia,Serie B,20,10,8,2,29,13,11,6,0,0,0.0%,0.0,0.0,0.0,0.0,100.0%,0,0,0
Reggiana,Serie B,20,6,6,8,21,23,7,7,0,0,0.0%,0.0,0.0,0.0,0.0,100.0%,0,0,0
Mantova,Serie B,20,5,8,7,22,26,5,7,0,0,0.0%,0.0,0.0,0.0,0.0,100.0%,0,0,0
Salernitana,Serie B,20,4,6,10,19,29,4,9,0,0,0.0%,0.0,0.0,0.0,0.0,100.0%,0,0,0
Cittadella,Serie B,20,6,5,9,17,32,7,9,0,0,0.0%,0.0,0.0,0.0,0.0,100.0%,0,0,0
Sudtirol,Serie B,20,5,3,12,19,33,3,8,0,0,0.0%,0.0,0.0,0.0,0.0,100.0%,0,0,0
Modena,Serie B,20,5,10,5,25,24,6,5,0,0,0.0%,0.0,0.0,0.0,0.0,100.0%,0,0,0
AEK Athens FC,Super League 1,16,9,4,3,25,10,9,3,0,0,0.0%,0.0,0.0,0.0,0.0,93.8%,1,0,1
OFI,Super League 1,16,5,5,6,22,24,2,5,0,0,0.0%,0.0,0.0,0.0,0.0,100.0%,0,0,0
Atromitos,Super League 1,16,5,4,7,20,23,2,5,0,0,0.0%,0.0,0.0,0.0,0.0,100.0%,0,0,0
Aris Thessalonikis,Super League 1,16,8,3,5,21,18,5,2,0,0,0.0%,0.0,0.0,0.0,0.0,100.0%,0,0,0
Volos NFC,Super League 1,16,5,2,9,12,26,4,7,0,0,0.0%,0.0,0.0,0.0,0.0,93.8%,1,0,1
Olympiakos Piraeus,Super League 1,16,10,4,2,28,11,8,3,0,0,0.0%,0.0,0.0,0.0,0.0,100.0%,0,0,0
Levadiakos,Super League 1,16,2,8,6,19,26,1,5,0,0,0.0%,0.0,0.0,0.0,0.0,93.8%,1,0,1
Kallithea,Super League 1,16,0,9,7,14,26,3,6,0,0,0.0%,0.0,0.0,0.0,0.0,100.0%,0,0,0
Panathinaikos,Super League 1,16,9,5,2,16,9,9,4,0,0,0.0%,0.0,0.0,0.0,0.0,100.0%,0,0,0
Asteras Tripolis,Super League 1,16,5,4,7,17,18,4,4,0,0,0.0%,0.0,0.0,0.0,0.0,100.0%,0,0,0
Panetolikos,Super League 1,16,6,5,5,15,12,6,6,0,0,0.0%,0.0,0.0,0.0,0.0,93.8%,1,0,1
Lamia,Super League 1,16,1,6,9,9,21,4,9,0,0,0.0%,0.0,0.0,0.0,0.0,93.8%,1,0,1
PAOK,Super League 1,16,10,3,3,31,16,5,2,0,0,0.0%,0.0,0.0,0.0,0.0,100.0%,0,0,0
Panserraikos,Super League 1,16,5,2,9,19,28,3,4,0,0,0.0%,0.0,0.0,0.0,0.0,93.8%,1,0,1
Partizani,Superliga,19,8,9,2,25,15,8,3,0,0,0.0%,0.0,0.0,0.0,0.0,0.0%,19,0,19
Vllaznia Shkodër,Superliga,19,9,4,6,29,25,4,4,0,0,0.0%,0.0,0.0,0.0,0.0,0.0%,19,0,19
Skenderbeu Korce,Superliga,19,3,6,10,16,26,3,7,0,0,0.0%,0.0,0.0,0.0,0.0,0.0%,19,0,19
AF Elbasani,Superliga,19,5,10,4,21,21,7,4,0,0,0.0%,0.0,0.0,0.0,0.0,0.0%,19,0,19
Teuta Durrës,Superliga,19,5,8,6,17,24,5,8,0,0,0.0%,0.0,0.0,0.0,0.0,0.0%,19,0,19
Bylis,Superliga,19,4,6,9,15,26,6,10,0,0,0.0%,0.0,0.0,0.0,0.0,0.0%,19,0,19
Dinamo Tirana,Superliga,19,9,7,3,30,20,4,4,0,0,0.0%,0.0,0.0,0.0,0.0,0.0%,19,0,19
Egnatia Rrogozhinë,Super Cup,20,9,6,5,25,17,9,4,0,0,0.0%,0.0,0.0,0.0,0.0,0.0%,20,0,20
Laci,Superliga,19,4,8,7,17,17,6,7,0,0,0.0%,0.0,0.0,0.0,0.0,0.0%,19,0,19
Tirana,Superliga,19,2,12,5,20,22,7,7,0,0,0.0%,0.0,0.0,0.0,0.0,0.0%,19,0,19
Central Coast Mariners,A-League,10,2,5,3,8,16,2,4,0,0,0.0%,0.0,0.0,0.0,0.0,100.0%,0,0,0
Melbourne Victory,A-League,10,5,3,2,13,8,4,4,0,0,0.0%,0.0,0.0,0.0,0.0,100.0%,0,0,0
Auckland,A-League,10,7,2,1,16,8,6,2,0,0,0.0%,0.0,0.0,0.0,0.0,100.0%,0,0,0
Brisbane Roar,A-League,9,0,2,7,11,22,0,4,0,0,0.0%,0.0,0.0,0.0,0.0,100.0%,0,0,0
Newcastle Jets,A-League,8,2,0,6,9,13,1,3,0,0,0.0%,0.0,0.0,0.0,0.0,100.0%,0,0,0
Melbourne City,A-League,9,4,3,2,16,10,3,1,0,0,0.0%,0.0,0.0,0.0,0.0,100.0%,0,0,0
Western Sydney Wanderers,A-League,10,4,2,4,24,20,1,0,0,0,0.0%,0.0,0.0,0.0,0.0,100.0%,0,0,0
Sydney,A-League,9,4,1,4,20,17,1,1,0,0,0.0%,0.0,0.0,0.0,0.0,100.0%,0,0,0
Wellington Phoenix,A-League,9,4,1,4,12,12,3,1,0,0,0.0%,0.0,0.0,0.0,0.0,100.0%,0,0,0
Western United,A-League,10,4,3,3,16,12,3,2,0,0,0.0%,0.0,0.0,0.0,0.0,100.0%,0,0,0
Macarthur,A-League,11,5,3,3,23,15,2,2,0,0,0.0%,0.0,0.0,0.0,0.0,100.0%,0,0,0
Perth Glory,A-League,10,1,2,7,5,27,2,6,0,0,0.0%,0.0,0.0,0.0,0.0,100.0%,0,0,0
Adelaide United,A-League,9,5,3,1,22,15,2,0,0,0,0.0%,0.0,0.0,0.0,0.0,100.0%,0,0,0
FF Jaro,Veikkausliiga,2,1,0,1,2,1,1,1,0,0,0.0%,0.0,0.0,0.0,0.0,0.0%,2,2,2
Viimsi,Meistriliiga,2,0,1,1,1,2,0,1,0,0,0.0%,0.0,0.0,0.0,0.0,0.0%,2,0,2
Landskrona BoIS,Allsvenskan,2,0,1,1,2,3,0,1,0,0,0.0%,0.0,0.0,0.0,0.0,100.0%,0,0,0
Moss,Eliteserien,2,0,1,1,0,2,1,2,0,0,0.0%,0.0,0.0,0.0,0.0,100.0%,0,0,0
FK Kukesi,Super Cup,1,0,0,1,0,2,0,1,0,0,0.0%,0.0,0.0,0.0,0.0,0.0%,1,0,1
Sioni,Erovnuli Liga,2,0,2,0,3,3,0,0,0,0,0.0%,0.0,0.0,0.0,0.0,0.0%,2,0,2
Rustavi,Erovnuli Liga,2,0,1,1,2,3,0,0,0,0,0.0%,0.0,0.0,0.0,0.0,0.0%,2,0,2
Real Oruro,Primera División,2,1,0,1,3,4,1,1,0,0,0.0%,0.0,0.0,0.0,0.0,0.0%,2,2,2
